<?xml version="1.0" encoding="UTF-8"?><?xml-stylesheet type='text/xsl' href='_UpgradeReport_Files/UpgradeReport.xslt'?><UpgradeLog>
<Properties><Property Name="Solution" Value="Partner">
</Property><Property Name="Solution File" Value="C:\Users\TingWu1.CTC\Visual Studio 2005\Projects\Partner\Partner.sln">
</Property><Property Name="User Options File" Value="C:\Users\TingWu1.CTC\Visual Studio 2005\Projects\Partner\Partner.suo">
</Property><Property Name="Date" Value="Tuesday, May 13, 2014">
</Property><Property Name="Time" Value="10:43 AM">
</Property></Properties><Event ErrorLevel="0" Project="" Source="Partner.sln" Description="File successfully backed up as C:\Users\TingWu1.CTC\Visual Studio 2005\Projects\Partner\Backup\Partner.sln">
</Event><Event ErrorLevel="0" Project="" Source="Partner.suo" Description="File successfully backed up as C:\Users\TingWu1.CTC\Visual Studio 2005\Projects\Partner\Backup\Partner.suo">
</Event><Event ErrorLevel="1" Project="" Source="..\..\WebSites\Partner\" Description="Warning: The project file is being backed up to a relative path that differs from the original solution relative path.  The difference in folder hierarchy may create problems in opening or building the backed up solution and project.">
</Event><Event ErrorLevel="0" Project="PartnerPortal.vdproj" Source="PartnerPortal\PartnerPortal.vdproj" Description="Project file successfully backed up as C:\Users\TingWu1.CTC\Visual Studio 2005\Projects\Partner\Backup\PartnerPortal\PartnerPortal.vdproj">
</Event><Event ErrorLevel="0" Project="DLPartner" Source="DataLayer\DLPartner.csproj" Description="Project file successfully backed up as C:\Users\TingWu1.CTC\Visual Studio 2005\Projects\Partner\Backup\DataLayer\DLPartner.csproj">
</Event><Event ErrorLevel="0" Project="DLPartner" Source="DataLayer\DLPartner.csproj.user" Description="Project user file successfully backed up as C:\Users\TingWu1.CTC\Visual Studio 2005\Projects\Partner\Backup\DataLayer\DLPartner.csproj.user">
</Event><Event ErrorLevel="0" Project="DLPartner" Source="DataLayer\ACTDataDL.cs" Description="File successfully backed up as C:\Users\TingWu1.CTC\Visual Studio 2005\Projects\Partner\Backup\DataLayer\ACTDataDL.cs">
</Event><Event ErrorLevel="0" Project="DLPartner" Source="DataLayer\AdministrativeDL.cs" Description="File successfully backed up as C:\Users\TingWu1.CTC\Visual Studio 2005\Projects\Partner\Backup\DataLayer\AdministrativeDL.cs">
</Event><Event ErrorLevel="0" Project="DLPartner" Source="DataLayer\AffiliatesDL.cs" Description="File successfully backed up as C:\Users\TingWu1.CTC\Visual Studio 2005\Projects\Partner\Backup\DataLayer\AffiliatesDL.cs">
</Event><Event ErrorLevel="0" Project="DLPartner" Source="DataLayer\AnetApiSchema.cs" Description="File successfully backed up as C:\Users\TingWu1.CTC\Visual Studio 2005\Projects\Partner\Backup\DataLayer\AnetApiSchema.cs">
</Event><Event ErrorLevel="0" Project="DLPartner" Source="DataLayer\BannersDL.cs" Description="File successfully backed up as C:\Users\TingWu1.CTC\Visual Studio 2005\Projects\Partner\Backup\DataLayer\BannersDL.cs">
</Event><Event ErrorLevel="0" Project="DLPartner" Source="DataLayer\CommissionsDL.cs" Description="File successfully backed up as C:\Users\TingWu1.CTC\Visual Studio 2005\Projects\Partner\Backup\DataLayer\CommissionsDL.cs">
</Event><Event ErrorLevel="0" Project="DLPartner" Source="DataLayer\PartnerDS.cs" Description="File successfully backed up as C:\Users\TingWu1.CTC\Visual Studio 2005\Projects\Partner\Backup\DataLayer\PartnerDS.cs">
</Event><Event ErrorLevel="0" Project="DLPartner" Source="DataLayer\PartnerDS.Designer.cs" Description="File successfully backed up as C:\Users\TingWu1.CTC\Visual Studio 2005\Projects\Partner\Backup\DataLayer\PartnerDS.Designer.cs">
</Event><Event ErrorLevel="0" Project="DLPartner" Source="DataLayer\ProductsDL.cs" Description="File successfully backed up as C:\Users\TingWu1.CTC\Visual Studio 2005\Projects\Partner\Backup\DataLayer\ProductsDL.cs">
</Event><Event ErrorLevel="0" Project="DLPartner" Source="DataLayer\PartnerLogDL.cs" Description="File successfully backed up as C:\Users\TingWu1.CTC\Visual Studio 2005\Projects\Partner\Backup\DataLayer\PartnerLogDL.cs">
</Event><Event ErrorLevel="0" Project="DLPartner" Source="DataLayer\PDFDL.cs" Description="File successfully backed up as C:\Users\TingWu1.CTC\Visual Studio 2005\Projects\Partner\Backup\DataLayer\PDFDL.cs">
</Event><Event ErrorLevel="0" Project="DLPartner" Source="DataLayer\FirstAffiliatesLeadsDL.cs" Description="File successfully backed up as C:\Users\TingWu1.CTC\Visual Studio 2005\Projects\Partner\Backup\DataLayer\FirstAffiliatesLeadsDL.cs">
</Event><Event ErrorLevel="0" Project="DLPartner" Source="DataLayer\MonthDL.cs" Description="File successfully backed up as C:\Users\TingWu1.CTC\Visual Studio 2005\Projects\Partner\Backup\DataLayer\MonthDL.cs">
</Event><Event ErrorLevel="0" Project="DLPartner" Source="DataLayer\Properties\Settings.Designer.cs" Description="File successfully backed up as C:\Users\TingWu1.CTC\Visual Studio 2005\Projects\Partner\Backup\DataLayer\Properties\Settings.Designer.cs">
</Event><Event ErrorLevel="0" Project="DLPartner" Source="DataLayer\Settings.cs" Description="File successfully backed up as C:\Users\TingWu1.CTC\Visual Studio 2005\Projects\Partner\Backup\DataLayer\Settings.cs">
</Event><Event ErrorLevel="0" Project="DLPartner" Source="DataLayer\UserRolesDL.cs" Description="File successfully backed up as C:\Users\TingWu1.CTC\Visual Studio 2005\Projects\Partner\Backup\DataLayer\UserRolesDL.cs">
</Event><Event ErrorLevel="0" Project="DLPartner" Source="DataLayer\UsersDL.cs" Description="File successfully backed up as C:\Users\TingWu1.CTC\Visual Studio 2005\Projects\Partner\Backup\DataLayer\UsersDL.cs">
</Event><Event ErrorLevel="0" Project="DLPartner" Source="DataLayer\PackageDL.cs" Description="File successfully backed up as C:\Users\TingWu1.CTC\Visual Studio 2005\Projects\Partner\Backup\DataLayer\PackageDL.cs">
</Event><Event ErrorLevel="0" Project="DLPartner" Source="DataLayer\OnlineAppDL.cs" Description="File successfully backed up as C:\Users\TingWu1.CTC\Visual Studio 2005\Projects\Partner\Backup\DataLayer\OnlineAppDL.cs">
</Event><Event ErrorLevel="0" Project="DLPartner" Source="DataLayer\OnlineAppProcessingDL.cs" Description="File successfully backed up as C:\Users\TingWu1.CTC\Visual Studio 2005\Projects\Partner\Backup\DataLayer\OnlineAppProcessingDL.cs">
</Event><Event ErrorLevel="0" Project="DLPartner" Source="DataLayer\OnlineAppStatusDL.cs" Description="File successfully backed up as C:\Users\TingWu1.CTC\Visual Studio 2005\Projects\Partner\Backup\DataLayer\OnlineAppStatusDL.cs">
</Event><Event ErrorLevel="0" Project="DLPartner" Source="DataLayer\Properties\AssemblyInfo.cs" Description="File successfully backed up as C:\Users\TingWu1.CTC\Visual Studio 2005\Projects\Partner\Backup\DataLayer\Properties\AssemblyInfo.cs">
</Event><Event ErrorLevel="0" Project="DLPartner" Source="DataLayer\ReferralsDL.cs" Description="File successfully backed up as C:\Users\TingWu1.CTC\Visual Studio 2005\Projects\Partner\Backup\DataLayer\ReferralsDL.cs">
</Event><Event ErrorLevel="0" Project="DLPartner" Source="DataLayer\RepInfoDL.cs" Description="File successfully backed up as C:\Users\TingWu1.CTC\Visual Studio 2005\Projects\Partner\Backup\DataLayer\RepInfoDL.cs">
</Event><Event ErrorLevel="0" Project="DLPartner" Source="DataLayer\ResidualsDL.cs" Description="File successfully backed up as C:\Users\TingWu1.CTC\Visual Studio 2005\Projects\Partner\Backup\DataLayer\ResidualsDL.cs">
</Event><Event ErrorLevel="0" Project="DLPartner" Source="DataLayer\SalesOppDL.cs" Description="File successfully backed up as C:\Users\TingWu1.CTC\Visual Studio 2005\Projects\Partner\Backup\DataLayer\SalesOppDL.cs">
</Event><Event ErrorLevel="0" Project="DLPartner" Source="DataLayer\BoundsDL.cs" Description="File successfully backed up as C:\Users\TingWu1.CTC\Visual Studio 2005\Projects\Partner\Backup\DataLayer\BoundsDL.cs">
</Event><Event ErrorLevel="0" Project="DLPartner" Source="DataLayer\OnlineAppSummaryDL.cs" Description="File successfully backed up as C:\Users\TingWu1.CTC\Visual Studio 2005\Projects\Partner\Backup\DataLayer\OnlineAppSummaryDL.cs">
</Event><Event ErrorLevel="0" Project="DLPartner" Source="DataLayer\Web References\net.eftsecure.uno\Reference.cs" Description="File successfully backed up as C:\Users\TingWu1.CTC\Visual Studio 2005\Projects\Partner\Backup\DataLayer\Web References\net.eftsecure.uno\Reference.cs">
</Event><Event ErrorLevel="0" Project="DLPartner" Source="DataLayer\ClassDiagram2.cd" Description="File successfully backed up as C:\Users\TingWu1.CTC\Visual Studio 2005\Projects\Partner\Backup\DataLayer\ClassDiagram2.cd">
</Event><Event ErrorLevel="0" Project="DLPartner" Source="DataLayer\ClassDiagram3.cd" Description="File successfully backed up as C:\Users\TingWu1.CTC\Visual Studio 2005\Projects\Partner\Backup\DataLayer\ClassDiagram3.cd">
</Event><Event ErrorLevel="0" Project="DLPartner" Source="DataLayer\app.config" Description="File successfully backed up as C:\Users\TingWu1.CTC\Visual Studio 2005\Projects\Partner\Backup\DataLayer\app.config">
</Event><Event ErrorLevel="0" Project="DLPartner" Source="DataLayer\ClassDiagram1.cd" Description="File successfully backed up as C:\Users\TingWu1.CTC\Visual Studio 2005\Projects\Partner\Backup\DataLayer\ClassDiagram1.cd">
</Event><Event ErrorLevel="0" Project="DLPartner" Source="DataLayer\Properties\Settings.settings" Description="File successfully backed up as C:\Users\TingWu1.CTC\Visual Studio 2005\Projects\Partner\Backup\DataLayer\Properties\Settings.settings">
</Event><Event ErrorLevel="0" Project="DLPartner" Source="DataLayer\ClassDiagram4.cd" Description="File successfully backed up as C:\Users\TingWu1.CTC\Visual Studio 2005\Projects\Partner\Backup\DataLayer\ClassDiagram4.cd">
</Event><Event ErrorLevel="0" Project="DLPartner" Source="DataLayer\PartnerDS.xsc" Description="File successfully backed up as C:\Users\TingWu1.CTC\Visual Studio 2005\Projects\Partner\Backup\DataLayer\PartnerDS.xsc">
</Event><Event ErrorLevel="0" Project="DLPartner" Source="DataLayer\PartnerDS.xsd" Description="File successfully backed up as C:\Users\TingWu1.CTC\Visual Studio 2005\Projects\Partner\Backup\DataLayer\PartnerDS.xsd">
</Event><Event ErrorLevel="0" Project="DLPartner" Source="DataLayer\PartnerDS.xss" Description="File successfully backed up as C:\Users\TingWu1.CTC\Visual Studio 2005\Projects\Partner\Backup\DataLayer\PartnerDS.xss">
</Event><Event ErrorLevel="0" Project="DLPartner" Source="DataLayer\PartnerDS.xsx" Description="File successfully backed up as C:\Users\TingWu1.CTC\Visual Studio 2005\Projects\Partner\Backup\DataLayer\PartnerDS.xsx">
</Event><Event ErrorLevel="0" Project="DLPartner" Source="DataLayer\Web References\net.eftsecure.uno\clsListItem.datasource" Description="File successfully backed up as C:\Users\TingWu1.CTC\Visual Studio 2005\Projects\Partner\Backup\DataLayer\Web References\net.eftsecure.uno\clsListItem.datasource">
</Event><Event ErrorLevel="0" Project="DLPartner" Source="DataLayer\Web References\net.eftsecure.uno\clsMerchantApplicationV1.datasource" Description="File successfully backed up as C:\Users\TingWu1.CTC\Visual Studio 2005\Projects\Partner\Backup\DataLayer\Web References\net.eftsecure.uno\clsMerchantApplicationV1.datasource">
</Event><Event ErrorLevel="0" Project="DLPartner" Source="DataLayer\Web References\net.eftsecure.uno\clsMerchFeeV1.datasource" Description="File successfully backed up as C:\Users\TingWu1.CTC\Visual Studio 2005\Projects\Partner\Backup\DataLayer\Web References\net.eftsecure.uno\clsMerchFeeV1.datasource">
</Event><Event ErrorLevel="0" Project="DLPartner" Source="DataLayer\Web References\net.eftsecure.uno\clsMerchProductV1.datasource" Description="File successfully backed up as C:\Users\TingWu1.CTC\Visual Studio 2005\Projects\Partner\Backup\DataLayer\Web References\net.eftsecure.uno\clsMerchProductV1.datasource">
</Event><Event ErrorLevel="0" Project="DLPartner" Source="DataLayer\Web References\net.eftsecure.uno\Reference.map" Description="File successfully backed up as C:\Users\TingWu1.CTC\Visual Studio 2005\Projects\Partner\Backup\DataLayer\Web References\net.eftsecure.uno\Reference.map">
</Event><Event ErrorLevel="0" Project="DLPartner" Source="DataLayer\Web References\net.eftsecure.uno\wsSalesCenterBoarding.disco" Description="File successfully backed up as C:\Users\TingWu1.CTC\Visual Studio 2005\Projects\Partner\Backup\DataLayer\Web References\net.eftsecure.uno\wsSalesCenterBoarding.disco">
</Event><Event ErrorLevel="0" Project="DLPartner" Source="DataLayer\Web References\net.eftsecure.uno\wsSalesCenterBoarding.wsdl" Description="File successfully backed up as C:\Users\TingWu1.CTC\Visual Studio 2005\Projects\Partner\Backup\DataLayer\Web References\net.eftsecure.uno\wsSalesCenterBoarding.wsdl">
</Event><Event ErrorLevel="1" Project="DLPartner" Source="DataLayer\DLPartner.csproj" Description="Your project is targeting .NET Framework 2.0 or 3.0. If your project uses assemblies requiring a newer .NET Framework, your project will fail to build. You can change the .NET Framework version by clicking Properties on the project menu and then selecting a new version in the '.NET Framework' dropdown box. (In Visual Basic, this is located on the Compile tab by clicking the 'Advanced Compiler Options...' button.)">
</Event><Event ErrorLevel="0" Project="DLPartner" Source="DataLayer\DLPartner.csproj" Description="Project converted successfully">
</Event><Event ErrorLevel="3" Project="DLPartner" Source="DataLayer\DLPartner.csproj" Description="Converted">
</Event><Event ErrorLevel="0" Project="BLPartner" Source="BusinessLayer\BLPartner.csproj" Description="Project file successfully backed up as C:\Users\TingWu1.CTC\Visual Studio 2005\Projects\Partner\Backup\BusinessLayer\BLPartner.csproj">
</Event><Event ErrorLevel="0" Project="BLPartner" Source="BusinessLayer\ACTDataBL.cs" Description="File successfully backed up as C:\Users\TingWu1.CTC\Visual Studio 2005\Projects\Partner\Backup\BusinessLayer\ACTDataBL.cs">
</Event><Event ErrorLevel="0" Project="BLPartner" Source="BusinessLayer\AdministrativeBL.cs" Description="File successfully backed up as C:\Users\TingWu1.CTC\Visual Studio 2005\Projects\Partner\Backup\BusinessLayer\AdministrativeBL.cs">
</Event><Event ErrorLevel="0" Project="BLPartner" Source="BusinessLayer\AffiliatesBL.cs" Description="File successfully backed up as C:\Users\TingWu1.CTC\Visual Studio 2005\Projects\Partner\Backup\BusinessLayer\AffiliatesBL.cs">
</Event><Event ErrorLevel="0" Project="BLPartner" Source="BusinessLayer\BannersBL.cs" Description="File successfully backed up as C:\Users\TingWu1.CTC\Visual Studio 2005\Projects\Partner\Backup\BusinessLayer\BannersBL.cs">
</Event><Event ErrorLevel="0" Project="BLPartner" Source="BusinessLayer\AnetUtils.cs" Description="File successfully backed up as C:\Users\TingWu1.CTC\Visual Studio 2005\Projects\Partner\Backup\BusinessLayer\AnetUtils.cs">
</Event><Event ErrorLevel="0" Project="BLPartner" Source="BusinessLayer\IMSViewBL.cs" Description="File successfully backed up as C:\Users\TingWu1.CTC\Visual Studio 2005\Projects\Partner\Backup\BusinessLayer\IMSViewBL.cs">
</Event><Event ErrorLevel="0" Project="BLPartner" Source="BusinessLayer\CommissionsBL.cs" Description="File successfully backed up as C:\Users\TingWu1.CTC\Visual Studio 2005\Projects\Partner\Backup\BusinessLayer\CommissionsBL.cs">
</Event><Event ErrorLevel="0" Project="BLPartner" Source="BusinessLayer\ListBL.cs" Description="File successfully backed up as C:\Users\TingWu1.CTC\Visual Studio 2005\Projects\Partner\Backup\BusinessLayer\ListBL.cs">
</Event><Event ErrorLevel="0" Project="BLPartner" Source="BusinessLayer\ProductsBL.cs" Description="File successfully backed up as C:\Users\TingWu1.CTC\Visual Studio 2005\Projects\Partner\Backup\BusinessLayer\ProductsBL.cs">
</Event><Event ErrorLevel="0" Project="BLPartner" Source="BusinessLayer\CreateLog.cs" Description="File successfully backed up as C:\Users\TingWu1.CTC\Visual Studio 2005\Projects\Partner\Backup\BusinessLayer\CreateLog.cs">
</Event><Event ErrorLevel="0" Project="BLPartner" Source="BusinessLayer\ExportActBL.cs" Description="File successfully backed up as C:\Users\TingWu1.CTC\Visual Studio 2005\Projects\Partner\Backup\BusinessLayer\ExportActBL.cs">
</Event><Event ErrorLevel="0" Project="BLPartner" Source="BusinessLayer\FirstAffiliatesLeadsBL.cs" Description="File successfully backed up as C:\Users\TingWu1.CTC\Visual Studio 2005\Projects\Partner\Backup\BusinessLayer\FirstAffiliatesLeadsBL.cs">
</Event><Event ErrorLevel="0" Project="BLPartner" Source="BusinessLayer\MonthBL.cs" Description="File successfully backed up as C:\Users\TingWu1.CTC\Visual Studio 2005\Projects\Partner\Backup\BusinessLayer\MonthBL.cs">
</Event><Event ErrorLevel="0" Project="BLPartner" Source="BusinessLayer\XMLBL.cs" Description="File successfully backed up as C:\Users\TingWu1.CTC\Visual Studio 2005\Projects\Partner\Backup\BusinessLayer\XMLBL.cs">
</Event><Event ErrorLevel="0" Project="BLPartner" Source="BusinessLayer\PartnerLogBL.cs" Description="File successfully backed up as C:\Users\TingWu1.CTC\Visual Studio 2005\Projects\Partner\Backup\BusinessLayer\PartnerLogBL.cs">
</Event><Event ErrorLevel="0" Project="BLPartner" Source="BusinessLayer\Properties\Settings.Designer.cs" Description="File successfully backed up as C:\Users\TingWu1.CTC\Visual Studio 2005\Projects\Partner\Backup\BusinessLayer\Properties\Settings.Designer.cs">
</Event><Event ErrorLevel="0" Project="BLPartner" Source="BusinessLayer\RepBL.cs" Description="File successfully backed up as C:\Users\TingWu1.CTC\Visual Studio 2005\Projects\Partner\Backup\BusinessLayer\RepBL.cs">
</Event><Event ErrorLevel="0" Project="BLPartner" Source="BusinessLayer\ResidualsAdminBL.cs" Description="File successfully backed up as C:\Users\TingWu1.CTC\Visual Studio 2005\Projects\Partner\Backup\BusinessLayer\ResidualsAdminBL.cs">
</Event><Event ErrorLevel="0" Project="BLPartner" Source="BusinessLayer\UserRolesBL.cs" Description="File successfully backed up as C:\Users\TingWu1.CTC\Visual Studio 2005\Projects\Partner\Backup\BusinessLayer\UserRolesBL.cs">
</Event><Event ErrorLevel="0" Project="BLPartner" Source="BusinessLayer\UsersBL.cs" Description="File successfully backed up as C:\Users\TingWu1.CTC\Visual Studio 2005\Projects\Partner\Backup\BusinessLayer\UsersBL.cs">
</Event><Event ErrorLevel="0" Project="BLPartner" Source="BusinessLayer\PackageBL.cs" Description="File successfully backed up as C:\Users\TingWu1.CTC\Visual Studio 2005\Projects\Partner\Backup\BusinessLayer\PackageBL.cs">
</Event><Event ErrorLevel="0" Project="BLPartner" Source="BusinessLayer\OnlineAppBL.cs" Description="File successfully backed up as C:\Users\TingWu1.CTC\Visual Studio 2005\Projects\Partner\Backup\BusinessLayer\OnlineAppBL.cs">
</Event><Event ErrorLevel="0" Project="BLPartner" Source="BusinessLayer\OnlineAppStatusBL.cs" Description="File successfully backed up as C:\Users\TingWu1.CTC\Visual Studio 2005\Projects\Partner\Backup\BusinessLayer\OnlineAppStatusBL.cs">
</Event><Event ErrorLevel="0" Project="BLPartner" Source="BusinessLayer\PDFBL.cs" Description="File successfully backed up as C:\Users\TingWu1.CTC\Visual Studio 2005\Projects\Partner\Backup\BusinessLayer\PDFBL.cs">
</Event><Event ErrorLevel="0" Project="BLPartner" Source="BusinessLayer\Properties\AssemblyInfo.cs" Description="File successfully backed up as C:\Users\TingWu1.CTC\Visual Studio 2005\Projects\Partner\Backup\BusinessLayer\Properties\AssemblyInfo.cs">
</Event><Event ErrorLevel="0" Project="BLPartner" Source="BusinessLayer\OnlineAppProcessingBL.cs" Description="File successfully backed up as C:\Users\TingWu1.CTC\Visual Studio 2005\Projects\Partner\Backup\BusinessLayer\OnlineAppProcessingBL.cs">
</Event><Event ErrorLevel="0" Project="BLPartner" Source="BusinessLayer\ReferralsBL.cs" Description="File successfully backed up as C:\Users\TingWu1.CTC\Visual Studio 2005\Projects\Partner\Backup\BusinessLayer\ReferralsBL.cs">
</Event><Event ErrorLevel="0" Project="BLPartner" Source="BusinessLayer\RepInfoBL.cs" Description="File successfully backed up as C:\Users\TingWu1.CTC\Visual Studio 2005\Projects\Partner\Backup\BusinessLayer\RepInfoBL.cs">
</Event><Event ErrorLevel="0" Project="BLPartner" Source="BusinessLayer\ResidualsBL.cs" Description="File successfully backed up as C:\Users\TingWu1.CTC\Visual Studio 2005\Projects\Partner\Backup\BusinessLayer\ResidualsBL.cs">
</Event><Event ErrorLevel="0" Project="BLPartner" Source="BusinessLayer\SalesOppsBL.cs" Description="File successfully backed up as C:\Users\TingWu1.CTC\Visual Studio 2005\Projects\Partner\Backup\BusinessLayer\SalesOppsBL.cs">
</Event><Event ErrorLevel="0" Project="BLPartner" Source="BusinessLayer\ReminderBL.cs" Description="File successfully backed up as C:\Users\TingWu1.CTC\Visual Studio 2005\Projects\Partner\Backup\BusinessLayer\ReminderBL.cs">
</Event><Event ErrorLevel="0" Project="BLPartner" Source="BusinessLayer\BoundsBL.cs" Description="File successfully backed up as C:\Users\TingWu1.CTC\Visual Studio 2005\Projects\Partner\Backup\BusinessLayer\BoundsBL.cs">
</Event><Event ErrorLevel="0" Project="BLPartner" Source="BusinessLayer\OnlineAppSummaryBL.cs" Description="File successfully backed up as C:\Users\TingWu1.CTC\Visual Studio 2005\Projects\Partner\Backup\BusinessLayer\OnlineAppSummaryBL.cs">
</Event><Event ErrorLevel="0" Project="BLPartner" Source="BusinessLayer\Properties\Settings.settings" Description="File successfully backed up as C:\Users\TingWu1.CTC\Visual Studio 2005\Projects\Partner\Backup\BusinessLayer\Properties\Settings.settings">
</Event><Event ErrorLevel="0" Project="BLPartner" Source="BusinessLayer\app.config" Description="File successfully backed up as C:\Users\TingWu1.CTC\Visual Studio 2005\Projects\Partner\Backup\BusinessLayer\app.config">
</Event><Event ErrorLevel="0" Project="BLPartner" Source="BusinessLayer\ClassDiagram1.cd" Description="File successfully backed up as C:\Users\TingWu1.CTC\Visual Studio 2005\Projects\Partner\Backup\BusinessLayer\ClassDiagram1.cd">
</Event><Event ErrorLevel="1" Project="BLPartner" Source="BusinessLayer\BLPartner.csproj" Description="Your project is targeting .NET Framework 2.0 or 3.0. If your project uses assemblies requiring a newer .NET Framework, your project will fail to build. You can change the .NET Framework version by clicking Properties on the project menu and then selecting a new version in the '.NET Framework' dropdown box. (In Visual Basic, this is located on the Compile tab by clicking the 'Advanced Compiler Options...' button.)">
</Event><Event ErrorLevel="0" Project="BLPartner" Source="BusinessLayer\BLPartner.csproj" Description="Project converted successfully">
</Event><Event ErrorLevel="3" Project="BLPartner" Source="BusinessLayer\BLPartner.csproj" Description="Converted">
</Event><Event ErrorLevel="0" Project="" Source="Partner.sln" Description="Solution converted successfully">
</Event><Event ErrorLevel="3" Project="" Source="Partner.sln" Description="Converted">
</Event><Event ErrorLevel="0" Project="DLPartner" Source="DataLayer\DLPartner.csproj" Description="Scan complete: Upgrade not required for project files.">
</Event><Event ErrorLevel="0" Project="BLPartner" Source="BusinessLayer\BLPartner.csproj" Description="Scan complete: Upgrade not required for project files.">
</Event></UpgradeLog>