<?xml version="1.0"?>
<OnlineApp xmlns="" xmlns:xsi="http://www.w3.org/2001/XMLSchema-instance" xsi:schemaLocation="">
  <Header>
   <Status>ECX Digital App</Status>
   <AttachedFileName></AttachedFileName> 
  </Header>
  <AppData>
   <UserDefinedAttributes>
    <Att01></Att01>
   </UserDefinedAttributes>	
   <GeneralInformation>
    <BusName></BusName>
    <DBA></DBA>
    <BusAddr> 
     <st_name></st_name>
     <city></city>
     <state></state>	   
	   <country></country>	 
     <zip></zip>
    </BusAddr>
    <MailAddr> 
     <st_name></st_name>
     <city></city>
     <state></state>	 
	   <country></country>
     <zip></zip>
    </MailAddr>
    <LOS></LOS>
    <FedTaxId></FedTaxId>
    <BusPhone></BusPhone>
    <BusFax></BusFax>     
    <CustPhone></CustPhone>
    <ContactName></ContactName>
    <NumLocs></NumLocs> 
    <LOB></LOB>
    <BusHrs></BusHrs>
    <email></email>
    <url></url>
   </GeneralInformation>   
   <BusinessInformation>
    <RetailCardSwipe></RetailCardSwipe>
    <RetailManuallyKeyed></RetailManuallyKeyed>
    <Internet></Internet>
    <Moto></Moto>
    <OwnershipType></OwnershipType>
    <CustRefundPol></CustRefundPol>
    <BusType></BusType>
    <ProdType></ProdType>
    <DelTime></DelTime>
    <Comments></Comments>
   </BusinessInformation>
   <ProcHistory>
    <EverProcessed></EverProcessed>
    <WhoProcessed></WhoProcessed>
    <EverTerminated></EverTerminated>
    <WhoTerminated></WhoTerminated>
    <TerminationReason></TerminationReason>
    <FormerMerchNum></FormerMerchNum>
   </ProcHistory>
   <Principal>
    <FirstName></FirstName>
    <LastName></LastName>
    <SSN></SSN>
    <PercentOwnership></PercentOwnership>
    <Title></Title>
    <Address>  
     <st_name></st_name>
     <city></city>
     <state></state>	  
	   <country>[</country>
     <zip></zip>
    </Address>
    <AddrType></AddrType>
    <LOS></LOS>
    <Phone></Phone>
    <DOB></DOB>
    <LicNum></LicNum>
    <LicState></LicState>
   </Principal>   
   <RepInfo>
   	<RepName></RepName>
    <RepNum></RepNum>    
   </RepInfo>
   <CardBasedFees>
    <CardFee> 
     <CardType></CardType>
     <CardPresent> 
      <DiscFee></DiscFee>
      <MidQualFee></MidQualFee>
      <NonQualFee></NonQualFee>
     </CardPresent>
     <TransFee></TransFee>
     <WattsSurchrg></WattsSurchrg>
     <AVS></AVS>
     <VoiceAuth></VoiceAuth>
     <ARU></ARU>
    </CardFee>
   </CardBasedFees>   
   <AgentValues>
    <MonthlyStatementFee></MonthlyStatementFee>    
    <MonthlyMinDiscFee></MonthlyMinDiscFee>    
    <ApplicationFee></ApplicationFee>
    <SetupFee></SetupFee>
    <BatchHeaders></BatchHeaders>
    <ExternalGWFee></ExternalGWFee>
    <WirelessFee></WirelessFee>
   </AgentValues>
   <MiscAgentValues>
    <MonthlyProcLimit></MonthlyProcLimit>
    <AvgTicket></AvgTicket>    
    <NeedAmex></NeedAmex>
    <NeedDiscover></NeedDiscover>
   </MiscAgentValues>
   <Equipment>
      <EquipType></EquipType>
      <EquipModel></EquipModel>
      <EquipID></EquipID>
   </Equipment>    
   <CardNums>
    <AMEX></AMEX>
    <Discover></Discover>
    <Jcb></Jcb>
   </CardNums>
   <BankInfo>
    <BankName></BankName>
    <BankAddr></BankAddr>
    <TransroutingNum></TransroutingNum>
    <DDA></DDA>
   </BankInfo>
  </AppData>
 </OnlineApp>
