<iPaymentApplication xmlns="http://www.ipaymentinc.com" Stamp="IPI0608">
  <ExtendedInfo salesNumber="02733-031" salesName="Corey Bolton" salesPhone="800-477-5363" salesID="86803" FormID="1306" Version="0212.2" id="-1">
  </ExtendedInfo>
  <BusinessInfo id="-1" legalBusinessName="Elizabeth Hale" doingBusinessAs="Annie Maes Minimart" address="712 N. Beech Street " address2="" city="Little Rock" state="AR" zip="72114" county="United States" monthsAtAddress="1" yearsAtAddress="1" mainPhone="501-244-0726" customerServicePhone="501-244-0726" mainFaxPhone="501-244-0727" contactFirstName="Elizebath" contactLastName="Hale" numberOfLocations="1" yearsInBusiness="5" monthsInBusiness="1" businessHours="8am-8pm" mainEmailAddress="antandcole1@yahoo.com" mainWebSite="" HasWebsite="false" mailingAddress="712 N. Beech Street " mailingAddress2="" mailingAddressCity="Little Rock" mailingAddressState="AR" mailingAddressZip="72114" federalTaxID="429711935" merchantType="4" ownershipType="Sole Proprietorship" businessLocationType="3" businessLocationTypeComment="" productsType="Food and Beverages" methodsOfMarketingType="" refundPolicy="0" productDeliveryInDays="0" productDeliveryComments="" appliedBefore="true" appliedBeforePriorProcessor="Data Link" previousMerchantNumbers="6318320010039672" creditCardProcessorPriorClosureWhom="Data Link" creditCardProcessorPriorClosure="false" creditCardProcessorPriorClosureExplaination="rates" openDateYear="2008" openDateMonth="11" lengthOfOwnership="5" locationNumber="1" b2BPercent="0" IsB2B="False" IsVendorFulfillmentHouse="False" VFHName="" VFHAddress1="" VFHAddress2="" VFHCity="" VFHState="" VFHZip="" VFHPhone="" UsesThirdPartyData="false" TPDName="" TPDAddress1="" TPDAddress2="" TPDCity="" TPDState="" TPDZip="" TPDPhone="" TPDSoftware="" ActiveMonthsString="111111111111" ReturnPolicy="0" ReturnPolicyComment="" Days2Deliver="0" DeliveryStartDate="" DeliveryComments="" RunCreditReport="" creditReportComments="" Portfolio="IPI" AppVersion="0212.2" PaymentGatewayMonthlyFee="0.00" paymentGatewayName="">
  </BusinessInfo>
  <SalesBreakDown id="-1" retailSwipePercentage="90" retailKeyedPercentage="10" internetPercentage="0" mailOrderPercentage="0">
  </SalesBreakDown>
  <PrincipalCollection>
    <Principal id="-1" number="1" firstName="Elizebath" lastName="Hale" socialSecurityNumber="429711935" ownershipPercentage="100" title="Owner" residentialAddress="712 N. Beech Street " residentialAddress2="" isRented="false" city="Little Rock" state="AR  " zip="72114" email="antandcole1@yahoo.com" howLongAtAddress="60" homePhone="510-254-0626" dateOfBirth="10/13/1984" driversLicenseNumber="06543789" driversLicenseState="AR" checkCreditScore="" OwnershipType="Own">
    </Principal>
  </PrincipalCollection>
  <ReferenceCollection />
  <Fees id="-1" monthlyProcessingLimit="5500" monthlyAverageTicket="20" monthlyMinimumDiscountFee="20.00" monthlyHighTicket="500" aVSFee="0.05" aCHReturnItemFee="25.00" aCHChangeFee="25.00" retrievalRequestFee="25.00" chargebackFee="25.00" pfcRecoveryFee="0.00" mtcFRPFee="0.00" overLimitFee="0.00" useDiscountInterchange="False" creditCardDiscountQualifiedFee="1.70" creditCardDiscountMidQualifiedFee="2.70" creditCardDiscountNonQualifiedFee="3.70" debitDiscountQualifiedFee="1.70" debitDiscountMidQualifiedFee="2.7" debitDiscountNonQualifiedFee="3.7" batchHeaderFee="0.10" voiceAuthFee="0.95" annualFee="75.00" reserveAccountFee="2.50" customerService="10.00" tAndEAuth="0.00" monthlyOnlineView="0.00" batchClosure="0.00" debitCardMonthlyNetworkGateway="0.00" eBTTransaction="0.00" e-Commerce="0.00" onlineAccessSingle="0.00" onlineAccessChain="0.00" MCC_SIC="" iAccess="true" iAccessFee="0.00" MerchantOrPremierClub="false" MerchantOrPremierClubFee="0.00" InterchangePlus="" VisaMCTransactionFee="0.21" TnETransactionFee="0.21" EarlyTerminationFee="0.00" SetupFee="0.00" MonthlyAccessFee="0.00" PerAuthFee="0.21" HighRiskFee="0.25" RetailMerchantAnualFee="" NonRetailMerchantAnualFee="75.00" PlusDuesAndAssessments="" WexVoyagerTranFee="0.00" ErrRate="0.00" ERRTransactionFee="0.00">
  </Fees>
  <Equipment id="-1" terminalType="8" terminalModel="" wirelessType="4" softwareRequirementNotes="" softwareRequirementNetworkVersion="" softwareRequirementConnectionType="" softwareRequirementConcurrentUsers="" softwareRequirementAdditionalIDNumbers="" software="" reprogram="false" rentQuote="" hasPrinter="false" printerModel="" phoneSystemSplitterNeeded="false" phoneSystemDialOut="4" PhoneCodeForDialOutComment="" phoneSystemCallWaiting="false" paymentGatewayName="" hasPinPad="false" pINPadModel="" frontEndType="1" frontEndComment="" debitAddendumAttached="false" automaticTimeZone="" automaticTime="" automaticClose="false" isEquipmentARU="false" NeedsStarterKit="false" ImprinterType="-99" Plate="false" PlateQuality="0" ToDoInstall="false" ToDoInstallComment="" SuppliesEquipment="false" SuppliesEquipmentComment="" ShoppingCart="" CellphoneCarrier="" CellphoneManufacturer="" CellphoneModel="" CellphoneNumber="" AccountType="" OrderType="" CheckService="0" CheckServiceAccountType="" CheckServiceProductType="" CheckServiceDiscountRate="0" CheckServiceMonthlyMin="0" CheckServiceStatementFee="0" CheckServiceTranFee="0">
  </Equipment>
  <LeaseInfo id="-1" leaseTerm="" EquipmentServiceProgram="true" totalMonthlyLeaseCharge="0.00" NonCancelableLease="false" AnnualTaxHandlingFee="0.00" IsLeaseTermsAcknowledged="false" IsLeasePaymentDeductionAcknowledged="false" IsLeaseNonCancelableAcknowledged="false" IsLeaseEquipmentDeliveryAcknowledged="false">
  </LeaseInfo>
  <Terminals xmlns:xsi="http://www.w3.org/2001/XMLSchema-instance" xmlns:xsd="http://www.w3.org/2001/XMLSchema">
    <Terminal TerminalID="8" TerminalBrand="Other" TerminalModel="See Notes" FrontEndName="Omaha" ModelID="705" PrinterID="-1" PrinterName="" PinPadID="-1" ReProgram="false" Notes="" WirelessID="4" automaticClose="false" AutomaticCloseTime="0001-01-01T00:00:00" TimeZoneID="0" PhoneDialOutCodeID="4" FrontEndID="1" IsLease="false" IsCashSale="false">
      <DownloadInformation Application="" AdditionalFeatures="" TiedMultiMerchantNumber="" SpecialPrompts="" SpecialFeaturesProvider="" ApplicationDDLTID="" ApplicationDDLPhone="" DateFileBuilt="0001-01-01T00:00:00" LoadInstructions="" EquipmentLocation="" PaywareMobileDevice="G3" PaywayreMobileDeviceVersion="" />
      <WirelessInformation WirelessCommType="DialUp" WirelessCarrier="" WirelessTcpIpGateway="" WirelessDatawireDID="" WirelessSIMCard="" WirelessESNNumber="" WirelessMANNumber="" />
      <ShippingInformation ShipTo="AgentOffice" ShippingServiceType="Ground" SerialNumber="" DeploymentDate="0001-01-01T00:00:00" Condition="New" Origin="0" />
      <PinPadInformation PinPadModelName="" PinPadCount="1" CheckReaderCount="0" CardReaderCount="0" FreeTerminalProgram="false" EncryptionMethod="Blank" />
      <IsDeployPinPad>false</IsDeployPinPad>
      <IsDeployPrinter>false</IsDeployPrinter>
      <IsDeployCheckReader>false</IsDeployCheckReader>
      <IsDeployCardReader>false</IsDeployCardReader>
      <IsDeployPinPadCable>false</IsDeployPinPadCable>
    </Terminal>
  </Terminals>
  <Gateways xmlns:xsi="http://www.w3.org/2001/XMLSchema-instance" xmlns:xsd="http://www.w3.org/2001/XMLSchema" />
  <Softwares xmlns:xsd="http://www.w3.org/2001/XMLSchema" xmlns:xsi="http://www.w3.org/2001/XMLSchema-instance" />
  <ExistingMerchant id="-1" americanExpress="" diners="" discover="" jCB="">
  </ExistingMerchant>
  <Amex discountRate="" monthlyFlatFee="" grossPayType="" estimateAnnualVolume="" estimateAverageTicket="" payFrequency="" merchantInitials="">
  </Amex>
  <Discover discountRate="" transactionFee="" membershipFee="">
  </Discover>
  <BankInformation id="-1" name="Centennial Bank" address="" address2="" city="Little Rock" state="AR" zip="72206" branch="" branchPhone="501-244-0726" contactName="" transRoutingNumber="082902757" dDA="0500132185">
  </BankInformation>
  <SiteSurvey id="-1" date="" typeOfBuilding="" squareFootage="-1" inspectorComments="">
  </SiteSurvey>
  <ServiceEnrollment ID="-1" ApplicationID="-1" DebitCardServices="false" ETB_FNS="false" ETB_FNS_Number="" CheckServices="false" LeaseServices="false" GiftCardServices="false" WexVoyagerServices="false" WirelessServices="false" GatewayServices="false">
  </ServiceEnrollment>
  <CardAcceptance ID="-1" ApplicationID="-1" MCCredit="false" MCNonPinDebit="false" VisaCredit="false" VisaNonPinDebit="false" DiscoverCredit="false" DiscoverNonPinDebit="false">
  </CardAcceptance>
  <SalesRepInfo ID="-1" ApplicationID="-1" Auth="" InerchangeTable="" Assoc="" Grid="">
  </SalesRepInfo>
  <ApplicationMetadata>
  </ApplicationMetadata>
</iPaymentApplication>