<iPaymentApplication xmlns="http://www.ipaymentinc.com" Stamp="IPI0608">
  <ExtendedInfo salesID="86803" salesNumber="02733" salesName="Jay Scott" salesPhone="800-477-5363" userID="13646" userName="02733" FormID="1306" Version="0212.2" Company="IPI" AgentOfficeName="" id="-1" />
  <BusinessInfo id="-1" legalBusinessName=" Test Application #471" doingBusinessAs=" Test Application #471" address="5555 Ca Ave" address2="" city="Los Angelesls" state="CA" zip="91364" county="Los Angeles" monthsAtAddress="5" yearsAtAddress="1" mainPhone="555-555-5555" customerServicePhone="555-555-5555" mainFaxPhone="555-555-5555" contactFirstName="HELLO" contactLastName="Test" numberOfLocations="1" numberOfEmployees="0" yearsInBusiness="1" monthsInBusiness="1" businessHours="9 to 5" mainEmailAddress="someone@somewhere.com" mainWebSite="www.somewhere.com" HasWebsite="false" mailingAddress="5555 Ca Ave" mailingAddress2="" mailingAddressCity="Los Angeles" mailingAddressState="CA" mailingAddressZip="91364" federalTaxID="123456789" merchantType="5" ownershipType="3" businessLocationType="2" businessLocationTypeComment="" productsType="Electronics" methodsOfMarketingType="" refundPolicy="1" productDeliveryInDays="1" productDeliveryComments="" appliedBefore="false" appliedBeforePriorProcessor="" creditCardProcessorPriorClosure="false" creditCardProcessorPriorClosureExplaination="" creditCardProcessorPriorClosureWhom="" previousMerchantNumbers="" openDateYear="-1" openDateMonth="0" lengthOfOwnership="0" locationNumber="0" b2BPercent="0" IsB2B="False" IsVendorFulfillmentHouse="False" VFHName="" VFHAddress1="" VFHAddress2="" VFHCity="" VFHState="" VFHZip="" VFHPhone="" UsesThirdPartyData="false" TPDName="" TPDAddress1="" TPDAddress2="" TPDCity="" TPDState="" TPDZip="" TPDPhone="" TPDSoftware="" ActiveMonthsString="111111111111" ReturnPolicy="1" ReturnPolicyComment="" Days2Deliver="5" DeliveryStartDate="1" DeliveryComments="" RunCreditReport="" creditReportComments="" Portfolio="IPI" AppVersion="0212.2" PaymentGatewayMonthlyFee="0.00" paymentGatewayName="" />
  <SalesBreakDown id="-1" retailSwipePercentage="0" retailKeyedPercentage="0" internetPercentage="0" mailOrderPercentage="100" />
  <PrincipalCollection>
    <Principal id="-1" number="-1" firstName="Hello" lastName="Test" socialSecurityNumber="123456789" ownershipPercentage="100" title="Owner" residentialAddress="5555 Ca Ave" residentialAddress2="" isRented="false" city="Los Angeles" state="CA" zip="91364" email="" howLongAtAddress="9" homePhone="5555555555" dateOfBirth="1950-01-01" driversLicenseNumber="D1234567" driversLicenseState="CA" checkCreditScore="" OwnershipType="Own" />
  </PrincipalCollection>
  <ReferenceCollection></ReferenceCollection>
  <Fees id="-1" monthlyProcessingLimit="10000" monthlyAverageTicket="10.00" monthlyHighTicket="100.00" monthlyMinimumDiscountFee="25.00" aVSFee="0.08" fDRHelpDeskFee="3.50" fDRAssistanceServiceFee="0.00" aCHReturnItemFee="25.00" aCHChangeFee="0.00" retrievalRequestFee="10.00" chargebackFee="25.00" pfcRecoveryFee="0.00" mtcFRPFee="0.00" overLimitFee="5.00" useDiscountInterchange="true" creditCardDiscountQualifiedFee="0.60" creditCardDiscountMidQualifiedFee="0.00" creditCardDiscountNonQualifiedFee="0.00" debitDiscountQualifiedFee="0.60" debitDiscountMidQualifiedFee="0.00" debitDiscountNonQualifiedFee="0.00" batchHeaderFee="23.00" voiceAuthFee="0.95" wattsFee="0.00" annualFee="0.00" reserveAccountFee="2.50" debitCardAccessFee="0.00" debitTransactionFee="0.00" WirelessSetupFee="0.00" WirelessSetupFeeQuantity="0.00" WirelessMonthlyFee="0.00" WirelessMonthlyFeeQuantity="0" WirelessPerAuthFee="0.00" WirelessPerAuthFeeQuantity="0.00" PaymentGatewaySetupFee="0.00" PaymentGatewaySetupFeeQuantity="0.00" PaymentGatewayMonthlyFee="0.00" PaymentGatewayMonthlyFeeQuantity="0.00" PaymentGatewayPerAuthFee="0.00" PaymentGatewayPerAuthFeeQuantity="0.00" customerService="12.00" tAndEAuth="0.00" monthlyOnlineView="0.00" batchClosure="0.00" debitCardMonthlyNetworkGateway="0.00" eBTTransaction="0.00" e-Commerce="0.00" onlineAccessSingle="0.00" onlineAccessChain="0.00" MCC_SIC="10" iAccess="false" iAccessFee="0.00" MerchantOrPremierClub="false" MerchantOrPremierClubFee="0.00" IsEquipmentARU="False" InterchangePlus="0.60" VisaMCTransactionFee="0.20" TnETransactionFee="0.20" EarlyTerminationFee="0.00" SetupFee="0.00" MonthlyAccessFee="0.00" PerAuthFee="0.00" SalesTransactionFee="0.00" HighRiskFee="0.25" WexVoyagerTranFee="0.00" ErrRate="0.00" RetailMerchantAnnualFee="0.00" NonRetailMerchantAnnualFee="0.00" pINPadModelID="-99" paymentGatewayName="" WaiveETFFees="false" AccountMaintenanceFee="0.00" ServiceFee="0.00" />
  <Equipment id="-1" terminalType="8" terminalModel="" wirelessType="4" softwareRequirementNotes="" softwareRequirementNetworkVersion="" softwareRequirementConnectionType="" softwareRequirementConcurrentUsers="" softwareRequirementAdditionalIDNumbers="" software="" reprogram="false" rentQuote="" hasPrinter="false" printerModel="" phoneSystemSplitterNeeded="false" phoneSystemDialOut="4" PhoneCodeForDialOutComment="" phoneSystemCallWaiting="false" paymentGatewayName="" hasPinPad="false" pINPadModel="" frontEndType="1" frontEndComment="" debitAddendumAttached="false" automaticTimeZone="" automaticTime="" automaticClose="false" isEquipmentARU="false" NeedsStarterKit="false" ImprinterType="-99" Plate="false" PlateQuality="0" ToDoInstall="false" ToDoInstallComment="" SuppliesEquipment="false" SuppliesEquipmentComment="" ShoppingCart="" CellphoneCarrier="" CellphoneManufacturer="" CellphoneModel="" CellphoneNumber="" AccountType="" OrderType="" CheckService="0" CheckServiceAccountType="" CheckServiceProductType="" CheckServiceDiscountRate="0" CheckServiceMonthlyMin="0" CheckServiceStatementFee="0" CheckServiceTranFee="0" />
  <LeaseInfo id="-1" leaseTerm="0" EquipmentServiceProgram="true" totalMonthlyLeaseCharge="0.00" NonCancelableLease="false" AnnualTaxHandlingFee="0.00" IsLeaseTermsAcknowledged="false" IsLeasePaymentDeductionAcknowledged="false" IsLeaseNonCancelableAcknowledged="false" IsLeaseEquipmentDeliveryAcknowledged="false" />
  <ExistingMerchant id="-1" americanExpress="" diners="" discover="" jCB="" />
  <Amex id="-1" discountRate="3.50" monthlyFlatFee="-1.00" grossPayType="1" estimateAnnualVolume="23423.00" estimateAverageTicket="10.00" payFrequency="2" merchantInitials="df" AmexOnePoint="true" AppliedForAmex="true" />
  <Discover id="-1" discountRate="-1.00" transactionFee="0.10" membershipFee="-1.00" />
  <BankInformation id="-1" name="Washington Mutual" address="5555 Canoga Ave" address2="" city="Woodland Hills" state="CA" zip="91364" branch="Victory" branchPhone="555-555-5555" contactName="Keivan Test" isMissingRoutingNumber="false" transRoutingNumber="322271627" dDA="3883740009" />
  <SiteSurvey id="-1" date="" typeOfBuilding="" squareFootage="-1" inspectorComments="" />
  <ServiceEnrollment ID="-1" ApplicationID="-1" DebitCardServices="false" ETB_FNS="false" ETB_FNS_Number="" CheckServices="false" LeaseServices="false" GiftCardServices="false" WexVoyagerServices="false" WirelessServices="false" GatewayServices="false" />
  <CardAcceptance ID="-1" ApplicationID="-1" MCCredit="false" MCNonPinDebit="false" VisaCredit="false" VisaNonPinDebit="false" DiscoverCredit="false" DiscoverNonPinDebit="false" />
  <SalesRepInfo ID="-1" ApplicationID="-1" Auth="" InerchangeTable="" Assoc="" Grid="" />
  <ApplicationMetadata></ApplicationMetadata>
  <ApplicationDetails AgentOfficeApplicationTemplateTypeID="0" ExperianStatusID="0" ExperianDate="1/1/0001 12:00:00 AM" MerchantApplicationTypeID="1" BrowserInformation="Mozilla/5.0 (Windows NT 6.1; WOW64; rv:19.0) Gecko/20100101 Firefox/19.0" IPAddress="10.119.1.7" />
  <Comments comment="" />
  <Terminals xmlns:xsd="http://www.w3.org/2001/XMLSchema" xmlns:xsi="http://www.w3.org/2001/XMLSchema-instance">
    <Terminal TerminalID="8" TerminalBrand="Other" TerminalModel="See Notes" FrontEndName="Omaha" ModelID="705" PrinterID="-1" PinPadID="-1" ReProgram="true" Notes="" WirelessID="4" AutomaticClose="false" AutomaticCloseTime="0001-01-01T00:00:00" TimeZoneID="0" PhoneDialOutCodeID="4" FrontEndID="1" IsLease="true" IsCashSale="false">
      <DownloadInformation Application="" AdditionalFeatures="" TiedMultiMerchantNumber="" SpecialPrompts="" SpecialFeaturesProvider="" ApplicationDDLTID="" ApplicationDDLPhone="" DateFileBuilt="0001-01-01T00:00:00" LoadInstructions="" EquipmentLocation="" PaywareMobileDevice="" PaywayreMobileDeviceVersion="G3" />
      <WirelessInformation WirelessCommType="DialUp" />
      <ShippingInformation ShipTo="AgentOffice" ShippingServiceType="Ground" SerialNumber="" DeploymentDate="0001-01-01T00:00:00" Condition="New" Origin="0" />
      <PinPadInformation PinPadModelName="" PinPadCount="1" CheckReaderCount="0" CardReaderCount="0" FreeTerminalProgram="false" EncryptionMethod="Blank" />
      <IsDeployPinPad>false</IsDeployPinPad>
      <IsDeployPrinter>false</IsDeployPrinter>
      <IsDeployCheckReader>false</IsDeployCheckReader>
      <IsDeployCardReader>false</IsDeployCardReader>
      <IsDeployPinPadCable>false</IsDeployPinPadCable>
    </Terminal>
  </Terminals>
  <Gateways xmlns:xsd="http://www.w3.org/2001/XMLSchema" xmlns:xsi="http://www.w3.org/2001/XMLSchema-instance" />
  <Softwares xmlns:xsd="http://www.w3.org/2001/XMLSchema" xmlns:xsi="http://www.w3.org/2001/XMLSchema-instance" />
  <DownloadInformation xmlns:xsd="http://www.w3.org/2001/XMLSchema" xmlns:xsi="http://www.w3.org/2001/XMLSchema-instance" AdditionalFeatures="" SpecialPrompts="" DateFileBuilt="0001-01-01T00:00:00" />
  <PinPadInformation xmlns:xsd="http://www.w3.org/2001/XMLSchema" xmlns:xsi="http://www.w3.org/2001/XMLSchema-instance" PinPadCount="0" CheckReaderCount="0" CardReaderCount="0" FreeTerminalProgram="false" EncryptionMethod="Blank" />
  <ShippingInformation xmlns:xsd="http://www.w3.org/2001/XMLSchema" xmlns:xsi="http://www.w3.org/2001/XMLSchema-instance" ShipTo="AgentOffice" ShippingServiceType="Ground" DeploymentDate="0001-01-01T00:00:00" Condition="New" />
  <CustomEquipment xmlns:xsd="http://www.w3.org/2001/XMLSchema" xmlns:xsi="http://www.w3.org/2001/XMLSchema-instance" />
</iPaymentApplication>


