
      <MerchantApplication> 
        <EmailAddress></EmailAddress> 
        <AgentReferralID></AgentReferralID> 
        <ExternalAgentUserID></ExternalAgentUserID> 
        <Business> 
          <LegalName></LegalName> 
          <DBA></DBA> 
          <LocationAddress> 
            <Address1></Address1> 
            <Address2></Address2> 
            <City></City> 
            <State></State> 
            <PostalCode></PostalCode> 
          </LocationAddress> 
          <MailAddress> 
            <Address1></Address1> 
            <Address2></Address2> 
            <City></City> 
            <State></State> 
            <PostalCode></PostalCode> 
          </MailAddress> 
          <PhoneNumber></PhoneNumber> 
          <FaxNumber></FaxNumber> 
          <URL></URL> 
          <FederalTaxID></FederalTaxID> 
          <Type></Type> 
          <EstablishmentDate></EstablishmentDate> 
          <ProductLine></ProductLine> 
          <BusinessSectorPercentage> 
            <Retail></Retail> 
            <Restaurant></Restaurant> 
            <Service></Service> 
            <MailPhoneOrder></MailPhoneOrder> 
            <Internet></Internet> 
            <Other></Other> 
          </BusinessSectorPercentage> 
          <TerminalSectorPercentage> 
            <Swiped></Swiped> 
            <KeyedWithImprint></KeyedWithImprint> 
            <KeyedWithoutImprint></KeyedWithoutImprint> 
          </TerminalSectorPercentage> 
          <AverageSaleAmount></AverageSaleAmount> 
          <AverageMonthlyVolume></AverageMonthlyVolume> 
        </Business> 
        <Principals> 
          <Principal> 
            <OwnershipPercentage></OwnershipPercentage> 
            <FirstName></FirstName> 
            <MiddleInitial></MiddleInitial> 
            <LastName></LastName> 
            <Suffix></Suffix> 
            <BirthDate></BirthDate> 
            <SocialSecurityNumber></SocialSecurityNumber> 
            <DriverLicenseNumber></DriverLicenseNumber> 
            <DriverLicenseState></DriverLicenseState> 
            <DriverLicenseExpirationDate></DriverLicenseExpirationDate> 
            <ResidencePhoneNumber></ResidencePhoneNumber> 
		 <ResidenceAddress> 
              <Address1></Address1> 
              <Address2></Address2> 
              <City></City> 
              <State></State> 
              <PostalCode></PostalCode> 
            </ResidenceAddress> 
            <ResidenceOwnership></ResidenceOwnership> 
            <ResidenceEstablishmentDate></ResidenceEstablishmentDate> 
          </Principal> 
          <Principal> 
            <OwnershipPercentage></OwnershipPercentage> 
            <FirstName></FirstName> 
            <MiddleInitial></MiddleInitial> 
            <LastName></LastName> 
            <Suffix></Suffix> 
            <BirthDate></BirthDate> 
            <SocialSecurityNumber></SocialSecurityNumber> 
            <DriverLicenseNumber></DriverLicenseNumber> 
            <DriverLicenseState></DriverLicenseState> 
            <DriverLicenseExpirationDate></DriverLicenseExpirationDate> 
            <ResidencePhoneNumber></ResidencePhoneNumber> 
		     <ResidenceAddress> 
              <Address1></Address1> 
              <Address2></Address2> 
              <City></City> 
              <State></State> 
              <PostalCode></PostalCode> 
            </ResidenceAddress> 
            <ResidenceOwnership></ResidenceOwnership> 
            <ResidenceEstablishmentDate></ResidenceEstablishmentDate> 
          </Principal> 
        </Principals> 
        <History> 
          <HadPriorCardAquirer></HadPriorCardAquirer> 
          <PriorCardAquirerName></PriorCardAquirerName> 
          <PriorCardAquirerDepartureReason></PriorCardAquirerDepartureReason> 
          <TerminatedMerchantFile></TerminatedMerchantFile> 
        </History> 
        <Financial> 
          <CreditCard> 
            <CardholderName></CardholderName> 
            <AccountNumber></AccountNumber> 
            <ExpirationDate></ExpirationDate> 
          </CreditCard> 
          <Banks> 
            <Bank> 
              <AccountNumber></AccountNumber> 
              <Address> 
                <Address1></Address1> 
                <Address2></Address2> 
                <City></City> 
                <State></State> 
                <PostalCode></PostalCode> 
              </Address> 
              <Name></Name> 
              <PhoneNumber></PhoneNumber> 
              <RoutingNumber></RoutingNumber> 
            </Bank> 
          </Banks> 
        </Financial> 
        <CardTypes> 
          <CardType> 
            <CardIssuer></CardIssuer> 
            <AcceptAction></AcceptAction> 
            <AccountNumber></AccountNumber> 
          </CardType> 
          <CardType> 
            <CardIssuer></CardIssuer> 
            <AcceptAction></AcceptAction> 
            <AccountNumber></AccountNumber> 
          </CardType> 
          <CardType> 
            <CardIssuer></CardIssuer> 
            <AcceptAction></AcceptAction> 
            <AccountNumber></AccountNumber> 
          </CardType> 
        </CardTypes> 
      </MerchantApplication> 

